address,amount
emoney10em8huquc2uh7kcpdlmljvkxr8vvgw8l5hs8xa,19000
emoney10xv3mmp66rf95w0js8mc7ckm6dlwgcsm2yr7cx,80000
emoney10zt8j3l2p9dy24kdn8ctlupz9c0l0gtw5y78f3,84000
emoney1380du0lpjc78dc32cdap9wenhraytu6fqm3tnr,38000
emoney1380du0lpjc78dc32cdap9wenhraytu6fqm3tnr,38870
emoney144mp8g9upcglyf0nh3sn9lc5tt7rfxrme7faqq,19000
emoney14kckr7stz4968wcg7ud2m2p74ywj3eg6gmltft,80000
emoney15k95am535xyesprk8vyaa0kc796jlptcuth2ua,60000
emoney15ra0gxslkve2ynh99th7w3wuxjvg4cl7dts4jf,76000
emoney16c66tzem5w8t7vt2tzqp7jpv6n27202p94jsd2,80000
emoney16dkp6yx3tgdlevvtf0l007ah9jds3mmhkma0mk,80000
emoney16h87t3zp0a473j56lxuwca4s3myfcgk8m6uemy,60000
emoney175xwtd2alqvh5ag2dsxv7fcpr9weuhdlvp2xf9,40000
emoney18w4cmx4ct6gj3s4rzg8r0fc4ca805xmgxfevgw,19000
emoney1e6p3plpcfzr23qdj43xew0stthaa45tgjzsf6m,4000
emoney1efsc7rvu6uh6rq8u87tl70w7nm80m9e66y4v0n,19000
emoney1f6assdd863qef3hqh6g7zhhyunrlrs4l24x5mm,100000
emoney1fjhl4w2cnfprqg97r4y03ejswx7f2f0uw6y05s,19000
emoney1g0vl8ewklwwex8rc7xj4w88z5d2v33awmlcc2l,4000
emoney1g5ax3j0rsuxqhax26wl7zg8c3353qj83hxjk3n,19000
emoney1g6p8epv3j27ddhmfqcpapzjg8gg4gy2xeyqhzz,19000
emoney1g890ypf5sxq4a565awwaj3drg9xhje4an3q640,19000
emoney1h0kgdylpm92khtz0tujl9dcf88c4rhf2k9d4mx,80000
emoney1hcn7c2jlhuk3hnx6wjahnxdkqtwgejegumczra,80000
emoney1hqex3pzcfa4mfkgchmxma54snujfmsf7uncg5k,19000
emoney1jj5yrkgrzu2k22y9jgqkf9h5slk0ej9sdmkgjc,57000
emoney1jrs3x37ejq805x9w7y8mjmfgms49824cspfypz,19000
emoney1m30r4te0ngs6ue4v72tww05l0mg3ee2ddf3wcn,110000
emoney1nf9hs4pmwpkxjpme6eacd36zd88d0djsalwg64,80000
emoney1nn242rwg34naucr5xp9myfnfmzdnx8nqw6d4te,80000
emoney1nnww66xa6cgy2crmk3lyqevtwnj7kj23ml97rs,20000
emoney1p3z960y8mhlf68sc0g5nvvknk02tukvj0ufthp,19000
emoney1pm4ff07unresvpwump854qz7p75tpyj0whj74j,160000
emoney1pmux2uc00wakgk64j40rxhxzqygjpwhw5w057z,600000
emoney1q3809u5u3nljz90n0g60zq4cfe4yfp3d8t5jhs,80000
emoney1rk58me4tuxjyjkxk4narq4qn5dq92232kevftp,40000
emoney1rpa4pl09zs4ql7qq0zpxrqrsf797tzy2jx06zg,80000
emoney1rw5urmp4fej0h3sc8phxyeqdzk7x3hs3gk3d3g,19000
emoney1s9ufe8q6xaz03rmdkut3srygt2pu8s86clghvz,19000
emoney1sh2chjr4y2xy0pkmn2422vet8hl6hhgrnc8wlu,198934
emoney1swc626fv5hlta6h63edpe5efgrv6ghc0g64vyj,400000
emoney1tkct0xkgfd903chrru3tjrx86zpwn6yx45fl89,38000
emoney1tv2edevd60qj0rc0zzmut26l868xdd9mvpdp8u,20000
emoney1tvu50mh78585dz0thdxatr97qn7pr69zamrw45,200000
emoney1u49n9slzunxhyle88ecv4d5yndyrwl63qgax9a,6000
emoney1uadum8l2aemxfdytqqgalrxe2nlk764vxquac9,40000
emoney1udcvcn3mlf5u5upms3f58j5z7pgqh5n22zd7pv,30400
emoney1v3x9nwpdm3h93qq5wq600g36hh2lmgef9y6l2d,200000
emoney1vhq5afw7rrh6j84p9wlns9363whdxf9svha988,20000
emoney1vl5qu9kw8fjm40yvqv6qvdh937r2ctz6k28h79,60000
emoney1w4hflgzmxk0wjdy5pvw4e0ncxe76r4ckjd6mt3,60000
emoney1wmc068e5peugdsvatajcl8pvt0wszgfsyr42t8,40000
emoney1x26r6xrl708vmzghtgewg5v0jwjwdks3uvy5xs,14000
emoney1x4jdrn97uah6rs0cvywdgyr2r3z6839ugeyu0x,34200
emoney1yjs2njh5yv0x7etxn53fmxvyl757dj9wpflrvn,19000
emoney1zwp97t7kx6sgk5yz6ad9ajqyndd8lv0mpeu432,40000